record_point,rotation_different,animator_rotation,agent_rotation,reward
0, 0, 25.01035, 25.0104, 0.7879759
1, 2.499607, 25.00096, 24.27241, 0.7970435
2, 11.5174, 24.99641, 25.63312, 0.7433713
3, 12.06342, 24.99776, 26.66239, 0.7731472
4, 9.81663, 25.01127, 27.012, 0.73094
5, 11.52202, 25.03595, 26.35644, 0.7312207
6, 16.53399, 25.06079, 28.88894, 0.7538259
7, 13.90332, 25.08832, 29.83064, 0.7769268
8, 10.84234, 25.12004, 28.20595, 0.7696593
9, 8.68692, 25.15739, 24.46975, 0.7850029
10, 8.236917, 25.2004, 24.12053, 0.7962207
11, 13.42898, 25.24876, 23.2791, 0.7614471
12, 19.67216, 25.30173, 23.23316, 0.748274
13, 19.20468, 25.35948, 23.33798, 0.7658635
14, 15.95213, 25.41844, 23.61117, 0.7679232
15, 17.08146, 25.4794, 24.23339, 0.7645983
16, 17.5226, 25.48972, 24.91702, 0.7676674
17, 16.28533, 25.47855, 24.09554, 0.7725543
18, 18.03098, 25.47052, 22.52309, 0.7553564
19, 21.62909, 25.47226, 22.64021, 0.7391832
20, 26.00763, 25.48676, 24.39483, 0.7283902
21, 22.07844, 25.49447, 24.00581, 0.7311974
22, 16.4429, 25.50891, 23.67079, 0.7488033
23, 13.47324, 25.51715, 23.15495, 0.7512434
24, 12.89081, 25.53973, 25.33017, 0.7628178
25, 11.0406, 25.57461, 27.5983, 0.7798118
26, 11.20851, 25.60215, 28.01584, 0.793518
27, 12.08113, 25.64026, 28.0548, 0.7908968
28, 11.71705, 25.65152, 26.53383, 0.789766
29, 12.91046, 25.66568, 25.0785, 0.7751809
30, 13.31247, 25.69068, 25.19934, 0.7620558
31, 13.25998, 25.69078, 26.45198, 0.7463012
32, 13.77714, 25.70564, 27.77661, 0.7657337
33, 17.9173, 25.69701, 28.48914, 0.7491838
34, 21.51545, 25.67719, 27.90816, 0.730434
35, 21.37799, 25.6619, 26.51653, 0.7513699
36, 20.58227, 25.6222, 23.99713, 0.7611035
37, 20.99661, 25.57164, 21.6099, 0.7527253
38, 25.17468, 25.47588, 21.39217, 0.7360612
39, 30.10897, 25.35814, 23.06156, 0.7068482
40, 28.97094, 25.22822, 23.49516, 0.7096802
41, 21.4779, 25.09754, 23.04798, 0.72882
42, 18.766, 25.00366, 23.44834, 0.7384266
43, 22.10621, 24.95886, 24.10109, 0.7414141
44, 18.54654, 24.9791, 23.32073, 0.7480834
45, 15.08037, 25.09037, 23.27287, 0.759598
46, 11.59258, 25.23462, 22.31052, 0.7757283
47, 10.69887, 25.40082, 22.68242, 0.7666376
48, 11.02297, 25.47895, 23.35265, 0.770695
49, 9.429992, 25.49643, 24.88134, 0.7699456
50, 11.28307, 25.4709, 26.2624, 0.764746
51, 14.47374, 25.44456, 27.40084, 0.7607844
52, 16.36601, 25.43611, 28.11502, 0.7600704
53, 15.96821, 25.41876, 26.05202, 0.7555165
54, 12.28352, 25.49192, 24.87611, 0.7715741
55, 10.59711, 25.6263, 24.61623, 0.7629763
56, 10.33409, 25.9125, 25.69685, 0.7544808
57, 9.569421, 26.25473, 27.92727, 0.746592
58, 15.36942, 26.634, 28.78076, 0.7295094
59, 22.80772, 26.85601, 30.48428, 0.7065808
60, 28.69738, 26.90207, 30.0078, 0.6857082
61, 23.06232, 26.87832, 28.19753, 0.7000166
62, 18.22787, 26.89253, 27.83922, 0.7120552
63, 0, 25.01035, 25.0104, 0.7120552
64, 0, 25.01035, 25.0104, 0.7860547
65, 3.751602, 25.00096, 24.85082, 0.705896
66, 5.327759, 24.99641, 23.62056, 0.7804593
67, 9.117039, 24.99776, 23.80119, 0.7754486
68, 9.997159, 25.01127, 23.63754, 0.7658323
69, 10.74123, 25.03595, 22.70336, 0.7724621
70, 10.50368, 25.06079, 24.3748, 0.7823141
71, 10.17161, 25.08832, 23.19602, 0.7887276
72, 10.07504, 25.12004, 24.19302, 0.789731
73, 13.42619, 25.15739, 26.01717, 0.7564799
74, 14.83578, 25.2004, 25.58577, 0.7718905
75, 13.20968, 25.24876, 25.39226, 0.77318
76, 8.667595, 25.30173, 25.92837, 0.7899593
77, 7.965104, 25.35948, 27.06716, 0.7913091
78, 8.559109, 25.41844, 27.3341, 0.7817715
79, 7.580223, 25.4794, 26.90342, 0.7994642
80, 6.382405, 25.48972, 24.94772, 0.8061092
81, 6.79462, 25.47855, 23.27747, 0.8030795
82, 10.08279, 25.47052, 24.11411, 0.7847489
83, 8.959903, 25.47226, 25.01494, 0.7934844
84, 7.406722, 25.48676, 26.29077, 0.7913558
85, 8.828849, 25.49447, 27.40511, 0.7833266
86, 9.055141, 25.50891, 26.74654, 0.8031037
87, 8.26594, 25.51715, 26.14968, 0.8061641
88, 7.865103, 25.53973, 25.06437, 0.8064459
89, 8.31832, 25.57461, 24.25203, 0.7998421
90, 10.9488, 25.60215, 24.61692, 0.7855757
91, 14.01958, 25.64026, 25.99837, 0.7790818
92, 14.27439, 25.65152, 26.46958, 0.7749698
93, 14.06899, 25.66568, 26.73167, 0.7721864
94, 17.74005, 25.69068, 27.56255, 0.7668538
95, 16.91554, 25.69078, 27.45026, 0.776023
96, 13.80103, 25.70564, 26.10376, 0.7834834
97, 10.46004, 25.69701, 23.95692, 0.7909303
98, 10.0921, 25.67719, 23.90272, 0.7900652
99, 14.00305, 25.6619, 25.44353, 0.7650034
100, 20.81418, 25.6222, 27.23654, 0.7444711
101, 20.44319, 25.57164, 27.58914, 0.7495387
102, 16.85927, 25.47588, 26.90737, 0.7596263
103, 16.72837, 25.35814, 26.45859, 0.7625788
104, 16.68683, 25.22822, 27.18677, 0.7596666
105, 18.19386, 25.09754, 28.2039, 0.7478497
106, 16.50489, 25.00366, 27.68501, 0.7765644
107, 14.9895, 24.95886, 27.14451, 0.7705504
108, 14.91483, 24.9791, 26.73606, 0.7682781
109, 15.3679, 25.09037, 26.52083, 0.7633772
110, 13.96475, 25.23462, 26.75266, 0.7710201
111, 13.42548, 25.40082, 26.90673, 0.7674219
112, 14.20211, 25.47895, 26.83825, 0.7381302
113, 16.23887, 25.49643, 26.41887, 0.7542696
114, 16.47472, 25.4709, 25.67692, 0.7706784
115, 14.18234, 25.44456, 24.62855, 0.7711778
116, 14.64344, 25.43611, 25.19417, 0.766486
117, 18.48545, 25.41876, 26.35626, 0.7534247
118, 19.86728, 25.49192, 27.14945, 0.7552687
119, 19.08938, 25.6263, 27.78688, 0.7526729
120, 19.26428, 25.9125, 27.56889, 0.7561542
121, 19.89946, 26.25473, 27.04133, 0.7514832
122, 18.95833, 26.634, 26.53363, 0.7453639
123, 19.74179, 26.85601, 24.93338, 0.7513273
124, 20.95424, 26.90207, 24.62712, 0.7522699
125, 23.48713, 26.87832, 24.51235, 0.7395809
126, 26.78442, 26.89253, 25.01755, 0.7350861
127, 29.58765, 26.91162, 25.35333, 0.7313237
128, 26.98683, 26.92395, 24.81477, 0.7352466
129, 24.67757, 26.93757, 24.80165, 0.7243962
130, 24.2935, 26.95218, 25.99502, 0.715113
131, 23.28708, 26.98373, 26.6674, 0.7347682
132, 22.25583, 27.01403, 26.03691, 0.746406
133, 20.55076, 26.97517, 26.08179, 0.7454938
134, 19.05927, 26.89395, 25.68101, 0.7513525
135, 18.46602, 26.79358, 26.05631, 0.7441739
136, 20.95695, 26.73046, 26.92901, 0.7341099
137, 25.0714, 26.8729, 28.15591, 0.7257723
138, 25.4928, 27.16581, 28.09203, 0.7259069
139, 21.30881, 27.59048, 27.01579, 0.721064
140, 23.53274, 28.09078, 27.51284, 0.7130317
141, 25.63037, 28.60611, 27.25644, 0.7156237
142, 27.30173, 29.04257, 28.4869, 0.7096173
143, 28.52792, 29.40786, 29.18454, 0.6888825
144, 30.8183, 29.68337, 28.87348, 0.6848861
145, 30.43645, 29.85865, 27.0778, 0.6939654
146, 25.42975, 30.02527, 26.73506, 0.7088876
147, 22.36313, 29.99176, 25.89372, 0.7208057
148, 23.54749, 29.85751, 26.87587, 0.7139844
149, 24.29483, 29.73231, 27.4846, 0.7136099
150, 25.78681, 29.59382, 25.68979, 0.7138706
151, 28.37396, 29.44147, 26.0251, 0.6977683
152, 29.64087, 29.24958, 27.03417, 0.6947057
153, 34.55441, 29.08539, 28.69793, 0.6688064
154, 34.91649, 28.94463, 28.13408, 0.6705305
155, 31.29567, 28.86156, 27.05451, 0.6695644
156, 28.13644, 28.79994, 24.56731, 0.6916317
157, 25.9144, 28.77836, 23.26364, 0.6898311
158, 23.45413, 28.77162, 24.05975, 0.6994703
159, 26.37255, 28.76938, 25.08164, 0.6770585
160, 27.82795, 28.71233, 25.66567, 0.6727964
161, 34.4621, 28.65784, 26.71348, 0.6210678
162, 41.7581, 28.60483, 29.57192, 0.6062886
163, 41.71611, 28.5527, 29.57173, 0.6322451
164, 40.28197, 28.50132, 27.61547, 0.655117
165, 34.40523, 28.45435, 26.60352, 0.6604305
166, 26.21359, 28.4093, 25.68698, 0.675252
167, 21.35712, 28.3662, 23.33755, 0.6632283
168, 21.9737, 28.32182, 23.16704, 0.6678092
169, 21.9891, 28.27675, 23.71573, 0.6701609
170, 22.05813, 28.23322, 24.91551, 0.666851
171, 26.33557, 28.19286, 25.2692, 0.6436386
172, 29.20566, 28.15913, 27.17013, 0.6308414
173, 34.57347, 28.13201, 28.01626, 0.61311
174, 31.289, 28.11151, 25.68254, 0.6267594
175, 23.14654, 28.09829, 23.64585, 0.6374244
176, 18.27141, 28.09015, 24.34783, 0.627875
177, 16.93921, 28.08785, 25.3222, 0.6284447
178, 21.17606, 28.08939, 25.64899, 0.6271318
179, 24.43831, 28.09702, 26.97577, 0.6221117
180, 30.41902, 28.10885, 28.7903, 0.5708694
181, 36.55443, 28.13207, 28.52522, 0.5851303
182, 35.52412, 28.16926, 28.15285, 0.6005795
183, 32.31771, 28.22846, 29.68797, 0.6006984
184, 28.52794, 28.31161, 29.42577, 0.6305686
185, 20.85209, 28.41625, 29.48644, 0.6276308
186, 18.53958, 28.53518, 28.40557, 0.6373268
187, 19.59659, 28.65585, 28.60709, 0.6376424
188, 19.36057, 28.77239, 28.74975, 0.6377512
189, 20.61144, 28.88415, 28.80483, 0.6301465
190, 25.74594, 28.96446, 29.93096, 0.6311799
191, 32.51322, 29.03758, 30.61107, 0.6207249
192, 35.58669, 29.08919, 30.09168, 0.6040492
193, 39.83747, 29.13707, 30.81972, 0.5827276
194, 36.48528, 29.18222, 28.14582, 0.5927548
195, 29.24198, 29.22241, 25.15763, 0.6159794
196, 27.29283, 29.26285, 23.41399, 0.6085878
197, 29.35541, 29.2959, 22.59742, 0.5926189
198, 32.03025, 29.29964, 24.3339, 0.59423
199, 33.18435, 29.29934, 24.77234, 0.5930827
200, 35.20428, 29.282, 24.36701, 0.5656608
201, 48.37896, 29.26292, 26.77121, 0.5160567
202, 61.97781, 29.24146, 30.05234, 0.5001557
203, 66.10592, 29.21404, 29.66358, 0.52355
204, 61.66518, 29.18359, 27.94411, 0.5327998
205, 55.19124, 29.14449, 25.65836, 0.5538078
206, 48.26955, 29.10561, 25.29538, 0.5548785
207, 46.71816, 29.05588, 25.91305, 0.561944
208, 39.71992, 29.00894, 25.48526, 0.5668184
209, 38.3896, 28.96868, 25.72655, 0.5672632
210, 38.60682, 28.92451, 26.88105, 0.5727587
211, 39.48656, 28.89829, 28.10742, 0.5735531
212, 41.24921, 28.87191, 28.86274, 0.5554012
213, 39.8149, 28.85014, 27.76202, 0.5618601
214, 36.71294, 28.83023, 26.43068, 0.5757301
215, 37.18372, 28.80859, 26.00984, 0.5652354
216, 35.48728, 28.78654, 25.25411, 0.5424789
217, 33.69164, 28.7642, 23.90357, 0.5132822
218, 26.7881, 28.74224, 23.78637, 0.5672964
219, 25.6383, 28.71793, 25.48871, 0.583347
220, 26.01704, 28.69032, 26.03851, 0.5874415
221, 28.32943, 28.6619, 26.87596, 0.5784519
222, 32.29827, 28.63136, 27.03658, 0.5649245
223, 31.26307, 28.59896, 27.42624, 0.5699801
224, 30.06958, 28.56507, 26.92597, 0.5646033
225, 31.08476, 28.53644, 27.68136, 0.5459082
226, 33.26064, 28.51275, 28.60896, 0.5485469
227, 32.49773, 28.50408, 27.62171, 0.5538566
228, 0, 25.01035, 25.0104, 0.5538566
229, 0, 25.01035, 25.0104, 0.749276
230, 2.111011, 25.00096, 24.17943, 0.7248802
231, 4.747741, 24.99641, 22.7427, 0.8021131
232, 9.36598, 24.99776, 23.56545, 0.779138
233, 11.48029, 25.01127, 23.92919, 0.7701243
234, 9.471037, 25.03595, 25.8591, 0.7899576
235, 9.058982, 25.06079, 26.53378, 0.7769963
236, 8.728008, 25.08832, 25.75849, 0.7920449
237, 8.299064, 25.12004, 25.38694, 0.7973357
238, 8.74242, 25.15739, 25.07277, 0.7969324
239, 12.75993, 25.2004, 24.89944, 0.7770556
240, 18.10676, 25.24876, 25.97134, 0.7637262
241, 16.18017, 25.30173, 25.65566, 0.7614578
242, 12.07468, 25.35948, 25.63751, 0.7566483
243, 12.10551, 25.41844, 25.70313, 0.7495428
244, 12.96357, 25.4794, 25.7253, 0.7564281
245, 11.35408, 25.48972, 25.19178, 0.7730389
246, 12.22242, 25.47855, 24.619, 0.7843398
247, 14.64836, 25.47052, 25.2678, 0.7761161
248, 17.12157, 25.47226, 26.47623, 0.772465
249, 15.52648, 25.48676, 27.9108, 0.7752537
250, 14.39324, 25.49447, 28.3135, 0.7817137
251, 13.91415, 25.50891, 28.29789, 0.7768514
252, 15.48775, 25.51715, 29.10544, 0.7718585
253, 13.87632, 25.53973, 29.17296, 0.7824832
254, 11.54713, 25.57461, 27.648, 0.7892207
255, 12.35167, 25.60215, 26.85957, 0.7750743
256, 16.98301, 25.64026, 26.93908, 0.7516
257, 18.67418, 25.65152, 26.2859, 0.7473007
258, 15.08605, 25.66568, 25.84268, 0.7703284
259, 12.80604, 25.69068, 25.84595, 0.7705592
260, 12.86152, 25.69078, 26.20185, 0.7728545
261, 15.34913, 25.70564, 26.97491, 0.7732854
262, 16.8561, 25.69701, 26.9868, 0.7789838
263, 14.8498, 25.67719, 25.91734, 0.7838603
264, 12.51806, 25.6619, 24.9004, 0.7831513
265, 12.63602, 25.6222, 24.5634, 0.7699465
266, 15.67051, 25.57164, 25.79231, 0.7606067
267, 16.66522, 25.47588, 27.31077, 0.7597541
268, 16.57345, 25.35814, 27.62448, 0.7593982
269, 17.82419, 25.22822, 27.98043, 0.7543776
270, 21.41606, 25.09754, 28.83328, 0.7314277
271, 20.77829, 25.00366, 29.36044, 0.7469306
272, 17.70209, 24.95886, 28.74935, 0.7624232
273, 15.44344, 24.9791, 27.90324, 0.7634946
274, 13.59509, 25.09037, 27.36355, 0.7743997
275, 13.19663, 25.23462, 26.98757, 0.7747568
276, 13.50635, 25.40082, 27.37528, 0.7724493
277, 14.89345, 25.47895, 28.67408, 0.7771296
278, 15.47966, 25.49643, 28.29782, 0.7760873
279, 13.75378, 25.4709, 27.48401, 0.7822553
280, 11.42068, 25.44456, 26.67631, 0.7736776
281, 12.07557, 25.43611, 26.11223, 0.7582045
282, 16.38653, 25.41876, 26.52328, 0.744724
283, 17.84454, 25.49192, 26.38619, 0.7553252
284, 16.2057, 25.6263, 25.60031, 0.7630982
285, 14.8309, 25.9125, 24.50062, 0.7599052
286, 15.55628, 26.25473, 24.31439, 0.7533965
287, 17.93722, 26.634, 24.48696, 0.7461424
288, 21.10101, 26.85601, 25.05787, 0.7338383
289, 26.43276, 26.90207, 26.17772, 0.7156879
290, 32.98789, 26.87832, 27.91422, 0.6972588
291, 33.77798, 26.89253, 29.24829, 0.6922036
292, 34.24023, 26.91162, 29.03672, 0.6956148
293, 29.15129, 26.92395, 28.62053, 0.6965324
294, 27.92817, 26.93757, 28.71365, 0.6901145
295, 24.22981, 26.95218, 27.23255, 0.6904615
296, 25.50257, 26.98373, 27.39854, 0.6983498
297, 24.21618, 27.01403, 27.86249, 0.6879323
298, 25.95765, 26.97517, 27.70848, 0.6953439
299, 28.4395, 26.89395, 26.87895, 0.6966774
300, 30.58306, 26.79358, 26.48066, 0.6986669
301, 29.34661, 26.73046, 25.56133, 0.6938365
302, 31.18236, 26.8729, 26.88451, 0.6633475
303, 33.61434, 27.16581, 28.47686, 0.6698009
304, 33.81849, 27.59048, 29.10811, 0.6597784
305, 31.76904, 28.09078, 28.01437, 0.6511417
306, 34.43993, 28.60611, 27.99626, 0.6380511
307, 37.04024, 29.04257, 28.02704, 0.6456738
308, 34.88799, 29.40786, 28.20598, 0.6507178
309, 32.66752, 29.68337, 26.67621, 0.6772966
310, 33.05622, 29.85865, 25.73603, 0.6798606
311, 33.91216, 30.02527, 26.60205, 0.6740424
312, 37.60656, 29.99176, 27.66814, 0.6507217
313, 44.84382, 29.85751, 27.24728, 0.6433486
314, 52.86319, 29.73231, 26.48728, 0.6245097
315, 50.11669, 29.59382, 26.79592, 0.610944
316, 0, 25.01035, 25.0104, 0.610944
317, 1.097316, 25.01035, 24.73455, 0.7788159
318, 5.078046, 25.00096, 24.19184, 0.785832
319, 7.333323, 24.99641, 23.18043, 0.7839059
320, 12.18774, 24.99776, 23.68706, 0.7661687
321, 13.87338, 25.01127, 22.55474, 0.749739
322, 19.16985, 25.03595, 22.14948, 0.7399948
323, 19.03247, 25.06079, 23.2523, 0.7421076
324, 23.54566, 25.08832, 25.40968, 0.7382125
325, 22.16335, 25.12004, 25.4258, 0.7544191
326, 19.41695, 25.15739, 24.97839, 0.754445
327, 16.81504, 25.2004, 26.34729, 0.7482902
328, 14.37438, 25.24876, 27.65381, 0.7753965
329, 15.99701, 25.30173, 26.8858, 0.7704271
330, 18.99513, 25.35948, 26.79456, 0.7495856
331, 23.71507, 25.41844, 26.66635, 0.7315634
332, 22.42256, 25.4794, 26.8093, 0.7412231
333, 18.08786, 25.48972, 27.24527, 0.7466523
334, 15.62436, 25.47855, 27.43589, 0.7594144
335, 15.95216, 25.47052, 28.40074, 0.7650977
336, 14.23692, 25.47226, 28.83261, 0.7840401
337, 11.98165, 25.48676, 28.39186, 0.791162
338, 9.958114, 25.49447, 27.19993, 0.7930423
339, 7.513429, 25.50891, 25.81892, 0.7950069
340, 9.583778, 25.51715, 25.54592, 0.7678509
341, 13.86431, 25.53973, 26.27412, 0.7607619
342, 13.87281, 25.57461, 25.5561, 0.7681345
343, 10.54983, 25.60215, 25.72686, 0.7861086
344, 10.29549, 25.64026, 25.89575, 0.7916079
345, 11.67434, 25.65152, 27.04539, 0.7846992
346, 12.50721, 25.66568, 28.03798, 0.7904208
347, 11.45036, 25.69068, 28.26283, 0.7888944
348, 11.70609, 25.69078, 27.09564, 0.7788114
349, 14.45572, 25.70564, 26.89826, 0.7613708
350, 17.9804, 25.69701, 27.3129, 0.7500562
351, 18.56759, 25.67719, 28.14713, 0.7538828
352, 15.6398, 25.6619, 27.51793, 0.7577128
353, 13.68422, 25.6222, 27.35603, 0.7530403
354, 13.15333, 25.57164, 26.11859, 0.7484255
355, 17.01263, 25.47588, 27.43159, 0.7524313
356, 18.8374, 25.35814, 28.4902, 0.7614034
357, 17.97882, 25.22822, 28.47911, 0.7698771
358, 15.85264, 25.09754, 27.76303, 0.7718334
359, 14.04715, 25.00366, 27.25146, 0.7635084
360, 15.23636, 24.95886, 28.08929, 0.7541721
361, 20.08935, 24.9791, 30.64931, 0.7370284
362, 20.29725, 25.09037, 31.4113, 0.7373979
363, 15.52371, 25.23462, 30.03157, 0.7475147
364, 14.07885, 25.40082, 29.5384, 0.75986
365, 14.59498, 25.47895, 28.74792, 0.7425873
366, 12.45087, 25.49643, 27.71413, 0.7630158
367, 11.41201, 25.4709, 25.67816, 0.7685122
368, 11.47511, 25.44456, 24.58875, 0.76873
369, 15.16043, 25.43611, 25.49041, 0.7606803
370, 13.47446, 25.41876, 27.04543, 0.7697434
371, 13.99613, 25.49192, 28.11139, 0.7564427
372, 12.91224, 25.6263, 26.6843, 0.7580392
373, 13.33899, 25.9125, 26.48618, 0.7434794
374, 13.80579, 26.25473, 25.38674, 0.7414048
375, 14.53429, 26.634, 25.30927, 0.7355058
376, 17.49006, 26.85601, 26.64039, 0.7308143
377, 18.68702, 26.90207, 27.47865, 0.7255216
378, 14.90419, 26.87832, 28.7303, 0.7361217
379, 14.15861, 26.89253, 30.10056, 0.741573
380, 16.57172, 26.91162, 30.55598, 0.7355236
381, 21.99236, 26.92395, 31.11238, 0.7357154
382, 23.62218, 26.93757, 31.03995, 0.7250292
383, 21.16241, 26.95218, 28.35891, 0.7126038
384, 18.24327, 26.98373, 27.39144, 0.7314993
385, 16.9208, 27.01403, 27.32794, 0.7371134
386, 17.39978, 26.97517, 27.01018, 0.7398732
387, 17.76401, 26.89395, 26.26657, 0.7432729
388, 16.04557, 26.79358, 26.91942, 0.7486507
389, 15.57017, 26.73046, 27.71296, 0.7269778
390, 19.10868, 26.8729, 27.5643, 0.6788517
391, 22.11501, 27.16581, 25.96062, 0.7167943
392, 16.64098, 27.59048, 23.97143, 0.7409856
393, 16.54168, 28.09078, 23.88212, 0.7431009
394, 16.35961, 28.60611, 24.95241, 0.7553298
395, 14.50204, 29.04257, 26.46787, 0.761861
396, 14.74721, 29.40786, 27.60724, 0.7517334
397, 14.93708, 29.68337, 27.2399, 0.75562
398, 14.66169, 29.85865, 26.66639, 0.7275694
399, 21.46312, 30.02527, 24.68469, 0.6987585
400, 24.26926, 29.99176, 22.93026, 0.7318361
401, 22.04092, 29.85751, 22.71504, 0.7455132
402, 16.86328, 29.73231, 23.47584, 0.7481536
403, 16.3703, 29.59382, 24.31608, 0.7609389
404, 17.35179, 29.44147, 24.95701, 0.7556148
405, 15.93733, 29.24958, 25.60276, 0.7561498
406, 15.11253, 29.08539, 26.51161, 0.7564688
407, 18.29335, 28.94463, 27.21696, 0.7437129
408, 22.59747, 28.86156, 26.88371, 0.7347441
409, 23.23275, 28.79994, 26.07935, 0.7436193
410, 21.69265, 28.77836, 24.71101, 0.7428721
411, 17.89079, 28.77162, 25.274, 0.7566109
412, 17.05419, 28.76938, 26.61293, 0.7536824
413, 16.13339, 28.71233, 26.39446, 0.755556
414, 15.87948, 28.65784, 27.12976, 0.7503905
415, 17.89217, 28.60483, 27.45126, 0.7530914
416, 21.99773, 28.5527, 27.63462, 0.7325522
417, 27.2768, 28.50132, 27.1631, 0.7114931
418, 27.32217, 28.45435, 25.32283, 0.7293221
419, 21.90667, 28.4093, 25.15597, 0.7423487
420, 18.83104, 28.3662, 25.36678, 0.7317242
421, 17.95356, 28.32182, 26.20652, 0.7235916
422, 23.08738, 28.27675, 27.00517, 0.7101907
423, 20.75943, 28.23322, 25.72092, 0.72901
424, 18.52708, 28.19286, 24.8878, 0.736774
425, 19.45556, 28.15913, 25.48369, 0.73053
426, 24.03902, 28.13201, 27.08782, 0.7252462
427, 28.61102, 28.11151, 28.87608, 0.7111096
428, 26.34462, 28.09829, 27.61844, 0.7100899
429, 22.33518, 28.09015, 27.50912, 0.7325294
430, 18.92038, 28.08785, 27.64142, 0.7209796
431, 19.49458, 28.08939, 26.57808, 0.7277265
432, 21.68398, 28.09702, 27.41383, 0.6958871
433, 20.5995, 28.10885, 27.37148, 0.7127749
434, 0, 25.01035, 25.0104, 0.7127749
435, 1.517647, 25.01035, 24.68993, 0.7750307
436, 5.258555, 25.00096, 23.73979, 0.8007006
437, 5.743699, 24.99641, 21.94094, 0.8042125
438, 10.0746, 24.99776, 21.54715, 0.784923
439, 13.07089, 25.01127, 21.50564, 0.781671
440, 20.04284, 25.03595, 21.73538, 0.7631592
441, 19.30774, 25.06079, 22.42534, 0.7521834
442, 21.16217, 25.08832, 23.45563, 0.7517197
443, 18.7799, 25.12004, 24.26272, 0.7456622
444, 17.80795, 25.15739, 25.17067, 0.7678092
445, 13.91102, 25.2004, 25.37216, 0.7859157
446, 10.61413, 25.24876, 25.40234, 0.7944655
447, 10.81509, 25.30173, 25.41629, 0.7907439
448, 17.56317, 25.35948, 25.87047, 0.7537053
449, 23.06794, 25.41844, 26.63183, 0.741513
450, 21.4294, 25.4794, 25.74334, 0.7318215
451, 17.31777, 25.48972, 25.56921, 0.7468505
452, 16.97971, 25.47855, 26.4383, 0.7504976
453, 15.70522, 25.47052, 27.77334, 0.7482345
454, 13.19981, 25.47226, 28.46611, 0.7771692
455, 9.990943, 25.48676, 27.45392, 0.7889377
456, 7.942678, 25.49447, 26.48142, 0.7986791
457, 7.824547, 25.50891, 25.57699, 0.801741
458, 9.663774, 25.51715, 24.90312, 0.796604
459, 11.5737, 25.53973, 25.34565, 0.793687
460, 9.528795, 25.57461, 25.29522, 0.7955668
461, 8.753136, 25.60215, 26.77995, 0.8000001
462, 9.225575, 25.64026, 27.41863, 0.7973447
463, 11.34692, 25.65152, 27.88041, 0.7914414
464, 10.77888, 25.66568, 26.92016, 0.796763
465, 9.209451, 25.69068, 25.31919, 0.8033555
466, 8.960742, 25.69078, 25.03583, 0.8029322
467, 10.46613, 25.70564, 25.61142, 0.7891746
468, 11.87896, 25.69701, 26.28528, 0.7919892
469, 11.05866, 25.67719, 26.27511, 0.7905912
470, 11.71727, 25.6619, 26.22057, 0.7850019
471, 13.9985, 25.6222, 27.17859, 0.7836432
472, 16.96031, 25.57164, 28.38704, 0.7820699
473, 15.79184, 25.47588, 28.40906, 0.7812296
474, 13.84795, 25.35814, 26.67745, 0.7799827
475, 12.75882, 25.22822, 25.91115, 0.7692707
476, 12.27422, 25.09754, 26.12135, 0.7742311
477, 12.69954, 25.00366, 26.73782, 0.7769792
478, 11.98351, 24.95886, 26.82643, 0.7744167
479, 14.61013, 24.9791, 27.36021, 0.7698429
480, 15.31901, 25.09037, 27.11431, 0.7685489
481, 14.11405, 25.23462, 27.31322, 0.778029
482, 12.53036, 25.40082, 27.11798, 0.7758114
483, 13.22555, 25.47895, 27.57157, 0.7724781
484, 13.89742, 25.49643, 27.78383, 0.7664126
485, 15.27487, 25.4709, 27.69569, 0.7601462
486, 13.29829, 25.44456, 28.08415, 0.7733548
487, 13.11258, 25.43611, 28.8564, 0.7687201
488, 13.93138, 25.41876, 29.30209, 0.7661013
489, 13.01903, 25.49192, 29.0292, 0.7665292
490, 10.23688, 25.6263, 27.53169, 0.7888864
491, 9.817909, 25.9125, 26.34523, 0.7831213
492, 13.78992, 26.25473, 27.1228, 0.7622555
493, 15.60399, 26.634, 28.12403, 0.765485
494, 16.57994, 26.85601, 29.43571, 0.7609758
495, 15.43461, 26.90207, 29.52404, 0.7636876
496, 14.94825, 26.87832, 28.04687, 0.7602661
497, 16.08967, 26.89253, 27.73705, 0.754934
498, 14.44161, 26.91162, 27.30275, 0.764384
499, 13.18767, 26.92395, 25.26433, 0.7701461
500, 16.31913, 26.93757, 24.28912, 0.7637819
501, 19.88933, 26.95218, 24.88137, 0.7577742
502, 18.53152, 26.98373, 25.99846, 0.7630982
503, 14.74836, 27.01403, 26.61462, 0.7742449
504, 12.67933, 26.97517, 27.3676, 0.7645581
505, 12.94928, 26.89395, 28.19076, 0.7577672
506, 13.70346, 26.79358, 28.71385, 0.7784271
507, 13.2404, 26.73046, 27.6142, 0.7850444
508, 13.82503, 26.8729, 27.13931, 0.7739179
509, 16.06939, 27.16581, 27.09475, 0.7538853
510, 19.68379, 27.59048, 27.89996, 0.7431487
511, 18.28942, 28.09078, 29.40154, 0.7539783
512, 14.83355, 28.60611, 29.83009, 0.7664715
513, 13.03566, 29.04257, 28.6825, 0.7655141
514, 13.69831, 29.40786, 28.3318, 0.7538404
515, 13.26999, 29.68337, 27.67356, 0.7633808
516, 11.46323, 29.85865, 26.05466, 0.7709163
517, 12.13449, 30.02527, 25.5549, 0.773077
518, 15.27211, 29.99176, 26.05818, 0.7633074
519, 17.00578, 29.85751, 27.71811, 0.7699037
520, 15.58245, 29.73231, 28.38707, 0.7658188
521, 13.58472, 29.59382, 28.43155, 0.7746553
522, 14.98846, 29.44147, 28.77663, 0.7560898
523, 18.32696, 29.24958, 29.31112, 0.7307272
524, 18.11808, 29.08539, 29.16488, 0.7614077
525, 16.74557, 28.94463, 28.08257, 0.7639322
526, 17.14379, 28.86156, 27.43048, 0.7650182
527, 18.50686, 28.79994, 27.48868, 0.7544268
528, 19.81517, 28.77836, 26.9421, 0.7622486
529, 19.16892, 28.77162, 26.37607, 0.7591439
530, 19.12838, 28.76938, 26.45368, 0.7618831
531, 21.9575, 28.71233, 26.94574, 0.7511975
532, 24.0355, 28.65784, 28.48822, 0.7428208
533, 20.59006, 28.60483, 27.45988, 0.7494032
534, 15.70819, 28.5527, 25.77129, 0.7589703
535, 14.57444, 28.50132, 25.64586, 0.7496807
536, 17.38127, 28.45435, 26.50484, 0.7410643
537, 18.81581, 28.4093, 27.54572, 0.7390153
538, 18.6631, 28.3662, 27.78557, 0.7423206
539, 19.73895, 28.32182, 27.76882, 0.7485792
540, 22.98683, 28.27675, 28.88375, 0.7351388
541, 22.01248, 28.23322, 29.42279, 0.74989
542, 18.12501, 28.19286, 27.07319, 0.758324
543, 16.50619, 28.15913, 25.73061, 0.7637333
544, 16.04043, 28.13201, 26.12014, 0.7655894
545, 17.53506, 28.11151, 27.22857, 0.7648158
546, 19.06735, 28.09829, 27.75201, 0.7637922
547, 18.7918, 28.09015, 27.27695, 0.7553424
548, 20.4162, 28.08785, 26.62487, 0.7256309
549, 24.1475, 28.08939, 26.92717, 0.7060976
550, 21.94968, 28.09702, 25.56699, 0.727172
551, 21.65504, 28.10885, 25.32575, 0.7491053
552, 23.48052, 28.13207, 25.34121, 0.7350897
553, 26.75709, 28.16926, 25.82729, 0.7207231
554, 26.16879, 28.22846, 26.6343, 0.7254892
555, 23.83865, 28.31161, 26.47695, 0.7367938
556, 19.15093, 28.41625, 24.94796, 0.7608405
557, 16.45167, 28.53518, 24.71684, 0.7616092
558, 17.7163, 28.65585, 25.2646, 0.746062
559, 20.87976, 28.77239, 25.8862, 0.7403482
560, 21.09384, 28.88415, 25.72497, 0.7419704
561, 20.61683, 28.96446, 25.23088, 0.7514731
562, 21.32327, 29.03758, 25.37812, 0.7477749
563, 21.88127, 29.08919, 26.34559, 0.7377982
564, 21.10315, 29.13707, 26.29117, 0.744057
565, 19.573, 29.18222, 24.37421, 0.7564261
566, 17.79083, 29.22241, 24.05647, 0.7580027
567, 18.07552, 29.26285, 24.23233, 0.7461646
568, 19.19203, 29.2959, 24.09352, 0.7375888
569, 19.59744, 29.29964, 24.61971, 0.7384184
570, 18.40089, 29.29934, 24.90407, 0.7503408
571, 19.80114, 29.282, 24.58913, 0.751225
572, 23.09915, 29.26292, 23.84436, 0.7389122
573, 24.06462, 29.24146, 24.48257, 0.7404663
574, 24.215, 29.21404, 24.40981, 0.7389879
575, 21.67852, 29.18359, 24.50615, 0.7350408
576, 19.71393, 29.14449, 25.81133, 0.7302641
577, 21.10558, 29.10561, 26.0741, 0.7197288
578, 18.53432, 29.05588, 26.81892, 0.7192125
579, 16.44726, 29.00894, 27.51328, 0.7447641
580, 18.19203, 28.96868, 27.95516, 0.73571
581, 20.21156, 28.92451, 28.62638, 0.729743
582, 19.00673, 28.89829, 27.9266, 0.7513958
583, 19.14736, 28.87191, 26.30121, 0.7415424
584, 19.65905, 28.85014, 25.68164, 0.7377551
585, 20.19117, 28.83023, 25.86619, 0.7403668
586, 19.29137, 28.80859, 26.96973, 0.7352191
587, 17.07644, 28.78654, 28.53288, 0.7359376
588, 16.21855, 28.7642, 28.60036, 0.7364012
589, 18.91508, 28.74224, 29.05565, 0.7405161
590, 16.01066, 28.71793, 28.80077, 0.7435924
591, 16.13689, 28.69032, 27.36731, 0.7379069
592, 18.10555, 28.6619, 26.89628, 0.7418664
593, 20.4289, 28.63136, 26.11509, 0.7395962
594, 18.37219, 28.59896, 25.78066, 0.743022
595, 16.84539, 28.56507, 26.02479, 0.7348773
596, 20.15961, 28.53644, 26.94908, 0.7275907
597, 22.01635, 28.51275, 28.56211, 0.7428597
598, 19.35455, 28.50408, 27.75785, 0.7322475
599, 17.66555, 28.49636, 27.44389, 0.7430248
600, 18.29051, 28.48935, 26.75598, 0.7380176
601, 18.50662, 28.4899, 25.14743, 0.7380176
602, 0, 25.01035, 25.0104, 0.7380176
603, 2.422116, 25.01035, 25.2598, 0.7687586
604, 8.119219, 25.00096, 26.62423, 0.7764845
605, 8.973751, 24.99641, 24.92388, 0.7866989
606, 11.54445, 24.99776, 24.60713, 0.7855613
607, 11.22646, 25.01127, 24.89982, 0.7941812
608, 9.019248, 25.03595, 26.86553, 0.7840073
609, 8.18174, 25.06079, 29.00285, 0.7907318
610, 8.461752, 25.08832, 29.26751, 0.8017349
611, 8.364618, 25.12004, 28.11872, 0.8026811
612, 10.8672, 25.15739, 26.91942, 0.7801415
613, 16.52261, 25.2004, 27.40514, 0.7623709
614, 23.68235, 25.24876, 28.6713, 0.7367802
615, 21.43579, 25.30173, 28.93488, 0.7351373
616, 21.001, 25.35948, 29.83463, 0.7392951
617, 22.47431, 25.41844, 30.01063, 0.727113
618, 22.97909, 25.4794, 30.70804, 0.7411471
619, 17.23778, 25.48972, 29.17022, 0.7653575
620, 12.60855, 25.47855, 26.61845, 0.7766754
621, 12.86358, 25.47052, 25.50326, 0.7723902
622, 16.50736, 25.47226, 25.24244, 0.7652991
623, 18.22204, 25.48676, 25.42329, 0.7470995
624, 15.86607, 25.49447, 26.17989, 0.7494592
625, 12.24766, 25.50891, 26.77121, 0.7600756
626, 11.28909, 25.51715, 26.89294, 0.7634361
627, 12.17764, 25.53973, 27.57779, 0.7753953
628, 9.345132, 25.57461, 25.86091, 0.7715641
629, 7.034061, 25.60215, 24.92153, 0.7905368
630, 6.509772, 25.64026, 24.22502, 0.7889147
631, 9.765055, 25.65152, 24.67501, 0.7700866
632, 15.90652, 25.66568, 25.98001, 0.7512225
633, 13.71177, 25.69068, 25.60924, 0.7473909
634, 9.502846, 25.69078, 25.1588, 0.7698427
635, 10.3368, 25.70564, 26.30209, 0.7612759
636, 13.34323, 25.69701, 25.7066, 0.7693743
637, 13.86562, 25.67719, 25.74402, 0.7673864
638, 12.15793, 25.6619, 25.41603, 0.7708516
639, 13.38201, 25.6222, 26.29525, 0.7599072
640, 15.07445, 25.57164, 27.44952, 0.7373427
641, 17.75181, 25.47588, 28.14536, 0.7350024
642, 18.42376, 25.35814, 29.81394, 0.736097
643, 21.19943, 25.22822, 30.58628, 0.7240764
644, 27.78899, 25.09754, 31.29183, 0.7149045
645, 26.5316, 25.00366, 29.86611, 0.7050042
646, 22.33069, 24.95886, 28.6874, 0.7261899
647, 18.26092, 24.9791, 26.89819, 0.7189727
648, 19.0887, 25.09037, 26.17879, 0.6949817
649, 23.18926, 25.23462, 27.96639, 0.7073063
650, 23.86938, 25.40082, 31.10023, 0.708438
651, 19.39272, 25.47895, 31.81358, 0.7082916
652, 19.95981, 25.49643, 31.5571, 0.6883186
653, 0, 25.01035, 25.0104, 0.6883186
654, 1.775984, 25.01035, 24.83799, 0.779766
655, 4.246546, 25.00096, 24.63018, 0.8102753
656, 5.054101, 24.99641, 23.03123, 0.7979008
657, 9.202864, 24.99776, 23.50163, 0.7849054
658, 13.2368, 25.01127, 23.39979, 0.7735626
659, 16.36978, 25.03595, 23.50235, 0.7629919
660, 11.49093, 25.06079, 24.67539, 0.7689841
661, 9.107695, 25.08832, 24.97024, 0.7798989
662, 8.573364, 25.12004, 25.98897, 0.7930305
663, 9.050155, 25.15739, 26.77381, 0.7965926
664, 10.20354, 25.2004, 26.96667, 0.7916084
665, 13.77393, 25.24876, 27.75263, 0.7687731
666, 16.44111, 25.30173, 27.20605, 0.7601291
667, 16.44994, 25.35948, 26.35599, 0.7645882
668, 12.52033, 25.41844, 26.66298, 0.7692971
669, 12.9484, 25.4794, 27.39136, 0.7620566
670, 12.97106, 25.48972, 27.88557, 0.7619261
671, 10.45282, 25.47855, 26.49582, 0.7753358
672, 9.113543, 25.47052, 24.82285, 0.7915969
673, 10.27611, 25.47226, 24.59552, 0.7879969
674, 14.83787, 25.48676, 25.13119, 0.7694806
675, 15.65667, 25.49447, 26.10434, 0.7644101
676, 11.06288, 25.50891, 26.31348, 0.7813519
677, 9.987385, 25.51715, 26.91003, 0.7866619
678, 11.46684, 25.53973, 27.37197, 0.7874858
679, 13.95504, 25.57461, 28.5628, 0.7776662
680, 14.12746, 25.60215, 28.62151, 0.7741649
681, 14.43585, 25.64026, 27.34968, 0.7690443
682, 13.30167, 25.65152, 25.99506, 0.7765114
683, 9.607793, 25.66568, 24.28442, 0.7873186
684, 10.01289, 25.69068, 24.93626, 0.7801641
685, 13.79659, 25.69078, 25.43066, 0.7725573
686, 13.74297, 25.70564, 25.84475, 0.7759554
687, 12.66316, 25.69701, 26.06747, 0.7742366
688, 13.28007, 25.67719, 25.75368, 0.7800946
689, 16.05542, 25.6619, 25.98946, 0.7665898
690, 16.61719, 25.6222, 26.31105, 0.7753314
691, 13.40464, 25.57164, 25.53269, 0.7806111
692, 12.72828, 25.47588, 25.03843, 0.7695109
693, 13.77964, 25.35814, 25.22618, 0.7493994
694, 14.82261, 25.22822, 27.48638, 0.7489446
695, 14.54257, 25.09754, 27.96088, 0.7559649
696, 12.47574, 25.00366, 27.75487, 0.7628635
697, 13.62081, 24.95886, 28.0325, 0.7572556
698, 17.20924, 24.9791, 29.09939, 0.7405882
699, 20.32491, 25.09037, 29.90164, 0.7358434
700, 17.19272, 25.23462, 28.62295, 0.7604873
701, 15.56785, 25.40082, 28.05635, 0.7572741
702, 12.29754, 25.47895, 26.67605, 0.7468274
703, 15.42655, 25.49643, 27.10842, 0.742297
704, 14.64152, 25.4709, 27.06378, 0.7599882
705, 13.18138, 25.44456, 27.45029, 0.7590024
706, 15.85718, 25.43611, 27.91295, 0.751723
707, 19.02794, 25.41876, 28.56403, 0.7396383
708, 14.39597, 25.49192, 25.00118, 0.7593074
709, 12.44161, 25.6263, 24.20251, 0.7604674
710, 14.17394, 25.9125, 26.2524, 0.731969
711, 20.97126, 26.25473, 27.66096, 0.6984834
712, 18.98995, 26.634, 26.7378, 0.7171347
713, 14.47704, 26.85601, 26.19574, 0.7358352
714, 12.84012, 26.90207, 25.6003, 0.7528251
715, 16.39567, 26.87832, 26.58481, 0.7439071
716, 17.77784, 26.89253, 28.0921, 0.7304134
717, 16.44848, 26.91162, 27.62723, 0.7362387
718, 14.73795, 26.92395, 26.98858, 0.7471149
719, 13.54776, 26.93757, 26.2013, 0.7167497
720, 16.19421, 26.95218, 25.74542, 0.6944237
721, 24.09888, 26.98373, 28.15421, 0.6677025
722, 20.03418, 27.01403, 29.68442, 0.6860598
723, 14.6408, 26.97517, 29.74586, 0.7141031
724, 12.76761, 26.89395, 30.26376, 0.7044962
725, 13.7122, 26.79358, 28.97934, 0.718863
726, 19.11561, 26.73046, 28.93854, 0.6978668
727, 25.2645, 26.8729, 30.90225, 0.6979732
728, 20.02006, 27.16581, 27.96893, 0.706049
729, 14.3026, 27.59048, 27.90502, 0.6937265
730, 13.18982, 28.09078, 29.25457, 0.6821312
731, 19.54163, 28.60611, 32.16132, 0.6586388
732, 23.50398, 29.04257, 33.9201, 0.6779233
733, 23.01868, 29.40786, 34.39543, 0.6907868
734, 23.25349, 29.68337, 32.67453, 0.6874712
735, 25.28728, 29.85865, 31.00086, 0.647948
736, 30.03621, 30.02527, 30.36375, 0.6202202
737, 31.57584, 29.99176, 29.23137, 0.6566341
738, 28.08615, 29.85751, 28.70006, 0.6618657
739, 23.03885, 29.73231, 27.74403, 0.6719261
740, 25.72921, 29.59382, 28.62039, 0.6453946
741, 30.08727, 29.44147, 28.65086, 0.6318609
742, 33.06302, 29.24958, 30.16154, 0.6313115
743, 31.15071, 29.08539, 31.69634, 0.6242074
744, 0, 25.01035, 25.0104, 0.6242074
745, 1.290673, 25.01035, 24.70596, 0.7752448
746, 3.277143, 25.00096, 25.71133, 0.8155296
747, 4.971501, 24.99641, 24.84782, 0.8161842
748, 7.671083, 24.99776, 24.03291, 0.7885728
749, 11.40194, 25.01127, 23.16075, 0.7741528
750, 15.8748, 25.03595, 23.01705, 0.7620494
751, 11.39841, 25.06079, 23.9606, 0.7785964
752, 8.072042, 25.08832, 24.25072, 0.7860606
753, 7.139995, 25.12004, 24.15357, 0.8038325
754, 8.57666, 25.15739, 23.61069, 0.7898449
755, 10.00992, 25.2004, 23.53453, 0.7957867
756, 15.92557, 25.24876, 24.74191, 0.7681246
757, 15.98786, 25.30173, 24.77857, 0.758642
758, 12.62678, 25.35948, 25.27655, 0.7718908
759, 8.535314, 25.41844, 24.88462, 0.7791152
760, 7.494682, 25.4794, 26.62809, 0.7949768
761, 7.548257, 25.48972, 27.14635, 0.7947683
762, 7.331973, 25.47855, 27.01298, 0.7911646
763, 7.733097, 25.47052, 26.36467, 0.7929429
764, 9.673765, 25.47226, 26.23363, 0.7933329
765, 10.56781, 25.48676, 26.33874, 0.7935042
766, 10.22621, 25.49447, 27.48048, 0.7818472
767, 13.44481, 25.50891, 29.35895, 0.7633138
768, 13.76144, 25.51715, 29.43621, 0.790644
769, 11.02282, 25.53973, 28.37249, 0.7951709
770, 8.64124, 25.57461, 27.00084, 0.7922111
771, 10.12882, 25.60215, 26.9239, 0.7808034
772, 10.66989, 25.64026, 26.80729, 0.7943714
773, 12.90757, 25.65152, 28.29596, 0.7814586
774, 14.59129, 25.66568, 29.1358, 0.7661479
775, 15.0379, 25.69068, 29.51383, 0.7807469
776, 14.62992, 25.69078, 28.0766, 0.7802767
777, 12.25514, 25.70564, 26.46298, 0.7857161
778, 11.52316, 25.69701, 26.14553, 0.7905384
779, 13.8717, 25.67719, 27.00685, 0.7767544
780, 12.62392, 25.6619, 26.92376, 0.7882841
781, 11.86741, 25.6222, 26.24648, 0.7897726
782, 13.18677, 25.57164, 26.63093, 0.7823696
783, 17.16339, 25.47588, 27.68878, 0.7663634
784, 15.57461, 25.35814, 26.88221, 0.7830166
785, 11.45457, 25.22822, 24.91188, 0.7850112
786, 9.760141, 25.09754, 24.40566, 0.7836183
787, 13.21006, 25.00366, 25.38605, 0.7684828
788, 13.72137, 24.95886, 25.68776, 0.759904
789, 11.59691, 24.9791, 24.8759, 0.7806331
790, 10.84327, 25.09037, 23.82341, 0.7774447
791, 12.6168, 25.23462, 23.80088, 0.7787207
792, 13.53601, 25.40082, 25.10745, 0.7760946
793, 12.21991, 25.47895, 25.93626, 0.7867888
794, 9.964618, 25.49643, 24.91179, 0.780443
795, 10.48228, 25.4709, 24.67523, 0.7775872
796, 14.97777, 25.44456, 25.47332, 0.7488563
797, 17.43763, 25.43611, 26.7459, 0.7448858
798, 15.73138, 25.41876, 27.7858, 0.7559066
799, 12.4296, 25.49192, 26.81457, 0.7431017
800, 14.62769, 25.6263, 26.91735, 0.7126456
801, 15.42953, 25.9125, 28.77932, 0.7513993
802, 13.42754, 26.25473, 27.7257, 0.7751065
803, 12.97446, 26.634, 27.15408, 0.7774001
804, 12.86119, 26.85601, 27.5727, 0.7790455
805, 13.15013, 26.90207, 27.21301, 0.7734967
806, 13.36248, 26.87832, 26.46548, 0.7706327
807, 12.47797, 26.89253, 26.19053, 0.7816617
808, 12.01306, 26.91162, 26.3053, 0.779653
809, 14.60591, 26.92395, 27.55448, 0.7753401
810, 16.81856, 26.93757, 28.25869, 0.7733713
811, 18.64959, 26.95218, 29.46395, 0.7669426
812, 18.03053, 26.98373, 28.14604, 0.774141
813, 16.34228, 27.01403, 26.85763, 0.7743421
814, 14.40517, 26.97517, 25.73352, 0.7664682
815, 13.58827, 26.89395, 24.25416, 0.7631354
816, 14.88169, 26.79358, 23.96585, 0.7564684
817, 18.88531, 26.73046, 24.77967, 0.7432176
818, 19.2434, 26.8729, 25.32849, 0.7540739
819, 17.65744, 27.16581, 25.61417, 0.748654
820, 18.45073, 27.59048, 26.29049, 0.7395818
821, 20.17901, 28.09078, 26.82303, 0.7500055
822, 19.35019, 28.60611, 26.73558, 0.7625167
823, 18.02311, 29.04257, 26.04128, 0.7692013
824, 16.93719, 29.40786, 24.78894, 0.7680494
825, 16.58945, 29.68337, 23.68628, 0.7655137
826, 17.34675, 29.85865, 23.26427, 0.7663839
